{"frames": {

"alien_0001.png":
{
	"frame": {"x":0,"y":0,"w":166,"h":214},
	"rotated": true,
	"trimmed": true,
	"spriteSourceSize": {"x":0,"y":4,"w":166,"h":214},
	"sourceSize": {"w":166,"h":218}
},
"alien_0002.png":
{
	"frame": {"x":214,"y":0,"w":166,"h":214},
	"rotated": true,
	"trimmed": true,
	"spriteSourceSize": {"x":0,"y":4,"w":166,"h":214},
	"sourceSize": {"w":166,"h":218}
},
"alien_0003.png":
{
	"frame": {"x":428,"y":0,"w":166,"h":215},
	"rotated": true,
	"trimmed": true,
	"spriteSourceSize": {"x":0,"y":3,"w":166,"h":215},
	"sourceSize": {"w":166,"h":218}
},
"alien_0004.png":
{
	"frame": {"x":643,"y":0,"w":166,"h":215},
	"rotated": true,
	"trimmed": true,
	"spriteSourceSize": {"x":0,"y":3,"w":166,"h":215},
	"sourceSize": {"w":166,"h":218}
},
"alien_0005.png":
{
	"frame": {"x":858,"y":0,"w":166,"h":215},
	"rotated": true,
	"trimmed": true,
	"spriteSourceSize": {"x":0,"y":3,"w":166,"h":215},
	"sourceSize": {"w":166,"h":218}
},
"alien_0006.png":
{
	"frame": {"x":1073,"y":0,"w":166,"h":216},
	"rotated": true,
	"trimmed": true,
	"spriteSourceSize": {"x":0,"y":2,"w":166,"h":216},
	"sourceSize": {"w":166,"h":218}
},
"alien_0007.png":
{
	"frame": {"x":0,"y":166,"w":166,"h":216},
	"rotated": true,
	"trimmed": true,
	"spriteSourceSize": {"x":0,"y":2,"w":166,"h":216},
	"sourceSize": {"w":166,"h":218}
},
"alien_0008.png":
{
	"frame": {"x":216,"y":166,"w":166,"h":216},
	"rotated": true,
	"trimmed": true,
	"spriteSourceSize": {"x":0,"y":2,"w":166,"h":216},
	"sourceSize": {"w":166,"h":218}
},
"alien_0009.png":
{
	"frame": {"x":432,"y":166,"w":166,"h":217},
	"rotated": true,
	"trimmed": true,
	"spriteSourceSize": {"x":0,"y":1,"w":166,"h":217},
	"sourceSize": {"w":166,"h":218}
},
"alien_0010.png":
{
	"frame": {"x":649,"y":166,"w":166,"h":217},
	"rotated": true,
	"trimmed": true,
	"spriteSourceSize": {"x":0,"y":1,"w":166,"h":217},
	"sourceSize": {"w":166,"h":218}
},
"alien_0011.png":
{
	"frame": {"x":866,"y":166,"w":166,"h":218},
	"rotated": true,
	"trimmed": false,
	"spriteSourceSize": {"x":0,"y":0,"w":166,"h":218},
	"sourceSize": {"w":166,"h":218}
},
"alien_0012.png":
{
	"frame": {"x":1084,"y":166,"w":166,"h":218},
	"rotated": true,
	"trimmed": false,
	"spriteSourceSize": {"x":0,"y":0,"w":166,"h":218},
	"sourceSize": {"w":166,"h":218}
},
"alien_0013.png":
{
	"frame": {"x":0,"y":332,"w":166,"h":218},
	"rotated": true,
	"trimmed": false,
	"spriteSourceSize": {"x":0,"y":0,"w":166,"h":218},
	"sourceSize": {"w":166,"h":218}
},
"alien_0014.png":
{
	"frame": {"x":218,"y":332,"w":166,"h":218},
	"rotated": true,
	"trimmed": false,
	"spriteSourceSize": {"x":0,"y":0,"w":166,"h":218},
	"sourceSize": {"w":166,"h":218}
},
"alien_0015.png":
{
	"frame": {"x":436,"y":332,"w":166,"h":218},
	"rotated": true,
	"trimmed": false,
	"spriteSourceSize": {"x":0,"y":0,"w":166,"h":218},
	"sourceSize": {"w":166,"h":218}
},
"alien_0016.png":
{
	"frame": {"x":654,"y":332,"w":166,"h":218},
	"rotated": true,
	"trimmed": false,
	"spriteSourceSize": {"x":0,"y":0,"w":166,"h":218},
	"sourceSize": {"w":166,"h":218}
},
"alien_0017.png":
{
	"frame": {"x":218,"y":332,"w":166,"h":218},
	"rotated": true,
	"trimmed": false,
	"spriteSourceSize": {"x":0,"y":0,"w":166,"h":218},
	"sourceSize": {"w":166,"h":218}
},
"alien_0018.png":
{
	"frame": {"x":872,"y":332,"w":166,"h":218},
	"rotated": true,
	"trimmed": false,
	"spriteSourceSize": {"x":0,"y":0,"w":166,"h":218},
	"sourceSize": {"w":166,"h":218}
},
"alien_0019.png":
{
	"frame": {"x":0,"y":498,"w":166,"h":218},
	"rotated": true,
	"trimmed": false,
	"spriteSourceSize": {"x":0,"y":0,"w":166,"h":218},
	"sourceSize": {"w":166,"h":218}
},
"alien_0020.png":
{
	"frame": {"x":218,"y":498,"w":166,"h":218},
	"rotated": true,
	"trimmed": false,
	"spriteSourceSize": {"x":0,"y":0,"w":166,"h":218},
	"sourceSize": {"w":166,"h":218}
},
"alien_0021.png":
{
	"frame": {"x":649,"y":166,"w":166,"h":217},
	"rotated": true,
	"trimmed": true,
	"spriteSourceSize": {"x":0,"y":1,"w":166,"h":217},
	"sourceSize": {"w":166,"h":218}
},
"alien_0022.png":
{
	"frame": {"x":436,"y":498,"w":166,"h":217},
	"rotated": true,
	"trimmed": true,
	"spriteSourceSize": {"x":0,"y":1,"w":166,"h":217},
	"sourceSize": {"w":166,"h":218}
},
"alien_0023.png":
{
	"frame": {"x":216,"y":166,"w":166,"h":216},
	"rotated": true,
	"trimmed": true,
	"spriteSourceSize": {"x":0,"y":2,"w":166,"h":216},
	"sourceSize": {"w":166,"h":218}
},
"alien_0024.png":
{
	"frame": {"x":0,"y":166,"w":166,"h":216},
	"rotated": true,
	"trimmed": true,
	"spriteSourceSize": {"x":0,"y":2,"w":166,"h":216},
	"sourceSize": {"w":166,"h":218}
},
"alien_0025.png":
{
	"frame": {"x":1073,"y":0,"w":166,"h":216},
	"rotated": true,
	"trimmed": true,
	"spriteSourceSize": {"x":0,"y":2,"w":166,"h":216},
	"sourceSize": {"w":166,"h":218}
},
"alien_0026.png":
{
	"frame": {"x":858,"y":0,"w":166,"h":215},
	"rotated": true,
	"trimmed": true,
	"spriteSourceSize": {"x":0,"y":3,"w":166,"h":215},
	"sourceSize": {"w":166,"h":218}
},
"alien_0027.png":
{
	"frame": {"x":1090,"y":332,"w":166,"h":215},
	"rotated": true,
	"trimmed": true,
	"spriteSourceSize": {"x":0,"y":3,"w":166,"h":215},
	"sourceSize": {"w":166,"h":218}
},
"alien_0028.png":
{
	"frame": {"x":428,"y":0,"w":166,"h":215},
	"rotated": true,
	"trimmed": true,
	"spriteSourceSize": {"x":0,"y":3,"w":166,"h":215},
	"sourceSize": {"w":166,"h":218}
},
"alien_0029.png":
{
	"frame": {"x":214,"y":0,"w":166,"h":214},
	"rotated": true,
	"trimmed": true,
	"spriteSourceSize": {"x":0,"y":4,"w":166,"h":214},
	"sourceSize": {"w":166,"h":218}
},
"alien_0030.png":
{
	"frame": {"x":0,"y":0,"w":166,"h":214},
	"rotated": true,
	"trimmed": true,
	"spriteSourceSize": {"x":0,"y":4,"w":166,"h":214},
	"sourceSize": {"w":166,"h":218}
},
"alien_0031.png":
{
	"frame": {"x":0,"y":0,"w":166,"h":214},
	"rotated": true,
	"trimmed": true,
	"spriteSourceSize": {"x":0,"y":4,"w":166,"h":214},
	"sourceSize": {"w":166,"h":218}
},
"alien_0032.png":
{
	"frame": {"x":214,"y":0,"w":166,"h":214},
	"rotated": true,
	"trimmed": true,
	"spriteSourceSize": {"x":0,"y":4,"w":166,"h":214},
	"sourceSize": {"w":166,"h":218}
},
"alien_0033.png":
{
	"frame": {"x":428,"y":0,"w":166,"h":215},
	"rotated": true,
	"trimmed": true,
	"spriteSourceSize": {"x":0,"y":3,"w":166,"h":215},
	"sourceSize": {"w":166,"h":218}
},
"alien_0034.png":
{
	"frame": {"x":643,"y":0,"w":166,"h":215},
	"rotated": true,
	"trimmed": true,
	"spriteSourceSize": {"x":0,"y":3,"w":166,"h":215},
	"sourceSize": {"w":166,"h":218}
},
"alien_0035.png":
{
	"frame": {"x":653,"y":498,"w":166,"h":215},
	"rotated": true,
	"trimmed": true,
	"spriteSourceSize": {"x":0,"y":3,"w":166,"h":215},
	"sourceSize": {"w":166,"h":218}
},
"alien_0036.png":
{
	"frame": {"x":868,"y":498,"w":166,"h":216},
	"rotated": true,
	"trimmed": true,
	"spriteSourceSize": {"x":0,"y":2,"w":166,"h":216},
	"sourceSize": {"w":166,"h":218}
},
"alien_0037.png":
{
	"frame": {"x":0,"y":166,"w":166,"h":216},
	"rotated": true,
	"trimmed": true,
	"spriteSourceSize": {"x":0,"y":2,"w":166,"h":216},
	"sourceSize": {"w":166,"h":218}
},
"alien_0038.png":
{
	"frame": {"x":216,"y":166,"w":166,"h":216},
	"rotated": true,
	"trimmed": true,
	"spriteSourceSize": {"x":0,"y":2,"w":166,"h":216},
	"sourceSize": {"w":166,"h":218}
},
"alien_0039.png":
{
	"frame": {"x":436,"y":498,"w":166,"h":217},
	"rotated": true,
	"trimmed": true,
	"spriteSourceSize": {"x":0,"y":1,"w":166,"h":217},
	"sourceSize": {"w":166,"h":218}
},
"alien_0040.png":
{
	"frame": {"x":649,"y":166,"w":166,"h":217},
	"rotated": true,
	"trimmed": true,
	"spriteSourceSize": {"x":0,"y":1,"w":166,"h":217},
	"sourceSize": {"w":166,"h":218}
},
"alien_0041.png":
{
	"frame": {"x":1084,"y":498,"w":166,"h":218},
	"rotated": true,
	"trimmed": false,
	"spriteSourceSize": {"x":0,"y":0,"w":166,"h":218},
	"sourceSize": {"w":166,"h":218}
},
"alien_0042.png":
{
	"frame": {"x":1084,"y":166,"w":166,"h":218},
	"rotated": true,
	"trimmed": false,
	"spriteSourceSize": {"x":0,"y":0,"w":166,"h":218},
	"sourceSize": {"w":166,"h":218}
},
"alien_0043.png":
{
	"frame": {"x":872,"y":332,"w":166,"h":218},
	"rotated": true,
	"trimmed": false,
	"spriteSourceSize": {"x":0,"y":0,"w":166,"h":218},
	"sourceSize": {"w":166,"h":218}
},
"alien_0044.png":
{
	"frame": {"x":218,"y":332,"w":166,"h":218},
	"rotated": true,
	"trimmed": false,
	"spriteSourceSize": {"x":0,"y":0,"w":166,"h":218},
	"sourceSize": {"w":166,"h":218}
},
"alien_0045.png":
{
	"frame": {"x":654,"y":332,"w":166,"h":218},
	"rotated": true,
	"trimmed": false,
	"spriteSourceSize": {"x":0,"y":0,"w":166,"h":218},
	"sourceSize": {"w":166,"h":218}
},
"alien_0046.png":
{
	"frame": {"x":0,"y":664,"w":166,"h":218},
	"rotated": true,
	"trimmed": false,
	"spriteSourceSize": {"x":0,"y":0,"w":166,"h":218},
	"sourceSize": {"w":166,"h":218}
},
"alien_0047.png":
{
	"frame": {"x":218,"y":664,"w":166,"h":218},
	"rotated": true,
	"trimmed": false,
	"spriteSourceSize": {"x":0,"y":0,"w":166,"h":218},
	"sourceSize": {"w":166,"h":218}
},
"alien_0048.png":
{
	"frame": {"x":0,"y":332,"w":166,"h":218},
	"rotated": true,
	"trimmed": false,
	"spriteSourceSize": {"x":0,"y":0,"w":166,"h":218},
	"sourceSize": {"w":166,"h":218}
},
"alien_0049.png":
{
	"frame": {"x":1084,"y":166,"w":166,"h":218},
	"rotated": true,
	"trimmed": false,
	"spriteSourceSize": {"x":0,"y":0,"w":166,"h":218},
	"sourceSize": {"w":166,"h":218}
},
"alien_0050.png":
{
	"frame": {"x":436,"y":664,"w":166,"h":218},
	"rotated": true,
	"trimmed": false,
	"spriteSourceSize": {"x":0,"y":0,"w":166,"h":218},
	"sourceSize": {"w":166,"h":218}
},
"alien_0051.png":
{
	"frame": {"x":649,"y":166,"w":166,"h":217},
	"rotated": true,
	"trimmed": true,
	"spriteSourceSize": {"x":0,"y":1,"w":166,"h":217},
	"sourceSize": {"w":166,"h":218}
},
"alien_0052.png":
{
	"frame": {"x":432,"y":166,"w":166,"h":217},
	"rotated": true,
	"trimmed": true,
	"spriteSourceSize": {"x":0,"y":1,"w":166,"h":217},
	"sourceSize": {"w":166,"h":218}
},
"alien_0053.png":
{
	"frame": {"x":216,"y":166,"w":166,"h":216},
	"rotated": true,
	"trimmed": true,
	"spriteSourceSize": {"x":0,"y":2,"w":166,"h":216},
	"sourceSize": {"w":166,"h":218}
},
"alien_0054.png":
{
	"frame": {"x":654,"y":664,"w":166,"h":216},
	"rotated": true,
	"trimmed": true,
	"spriteSourceSize": {"x":0,"y":2,"w":166,"h":216},
	"sourceSize": {"w":166,"h":218}
},
"alien_0055.png":
{
	"frame": {"x":870,"y":664,"w":166,"h":216},
	"rotated": true,
	"trimmed": true,
	"spriteSourceSize": {"x":0,"y":2,"w":166,"h":216},
	"sourceSize": {"w":166,"h":218}
},
"alien_0056.png":
{
	"frame": {"x":858,"y":0,"w":166,"h":215},
	"rotated": true,
	"trimmed": true,
	"spriteSourceSize": {"x":0,"y":3,"w":166,"h":215},
	"sourceSize": {"w":166,"h":218}
},
"alien_0057.png":
{
	"frame": {"x":1090,"y":332,"w":166,"h":215},
	"rotated": true,
	"trimmed": true,
	"spriteSourceSize": {"x":0,"y":3,"w":166,"h":215},
	"sourceSize": {"w":166,"h":218}
},
"alien_0058.png":
{
	"frame": {"x":428,"y":0,"w":166,"h":215},
	"rotated": true,
	"trimmed": true,
	"spriteSourceSize": {"x":0,"y":3,"w":166,"h":215},
	"sourceSize": {"w":166,"h":218}
},
"alien_0059.png":
{
	"frame": {"x":214,"y":0,"w":166,"h":214},
	"rotated": true,
	"trimmed": true,
	"spriteSourceSize": {"x":0,"y":4,"w":166,"h":214},
	"sourceSize": {"w":166,"h":218}
},
"alien_0060.png":
{
	"frame": {"x":0,"y":0,"w":166,"h":214},
	"rotated": true,
	"trimmed": true,
	"spriteSourceSize": {"x":0,"y":4,"w":166,"h":214},
	"sourceSize": {"w":166,"h":218}
}},
"animations": {
	"alien": ["alien_0001.png","alien_0002.png","alien_0003.png","alien_0004.png","alien_0005.png","alien_0006.png","alien_0007.png","alien_0008.png","alien_0009.png","alien_0010.png","alien_0011.png","alien_0012.png","alien_0013.png","alien_0014.png","alien_0015.png","alien_0016.png","alien_0017.png","alien_0018.png","alien_0019.png","alien_0020.png","alien_0021.png","alien_0022.png","alien_0023.png","alien_0024.png","alien_0025.png","alien_0026.png","alien_0027.png","alien_0028.png","alien_0029.png","alien_0030.png","alien_0031.png","alien_0032.png","alien_0033.png","alien_0034.png","alien_0035.png","alien_0036.png","alien_0037.png","alien_0038.png","alien_0039.png","alien_0040.png","alien_0041.png","alien_0042.png","alien_0043.png","alien_0044.png","alien_0045.png","alien_0046.png","alien_0047.png","alien_0048.png","alien_0049.png","alien_0050.png","alien_0051.png","alien_0052.png","alien_0053.png","alien_0054.png","alien_0055.png","alien_0056.png","alien_0057.png","alien_0058.png","alien_0059.png","alien_0060.png"]
},
"meta": {
	"app": "https://www.codeandweb.com/texturepacker",
	"version": "1.0",
	"image": "ninjarack.png",
	"format": "RGBA8888",
	"size": {"w":1305,"h":830},
	"scale": "1",
	"smartupdate": "$TexturePacker:SmartUpdate:cdea11e6af21ab6c02c7cf0d64a365b9:95f23ec96a3df2929b62884358962592:2b5daf72ba338128fc6d5cdb63f88d4d$"
}
}
